{
    "acm.org": {
        "ipv4_addresses": [
            "104.17.79.30",
            "104.17.78.30"
        ],
        "rtt_range": [
            8.0,
            29.25
        ],
        "scan_time": 1741643128.4732785
    },
    "amazon.com": {
        "ipv4_addresses": [
            "52.94.236.248",
            "205.251.242.103",
            "54.239.28.85"
        ],
        "rtt_range": [
            39.01,
            62.55
        ],
        "scan_time": 1741641988.2718422
    },
    "cra.org": {
        "ipv4_addresses": [
            "54.242.59.162"
        ],
        "rtt_range": [
            56.23,
            69.74
        ],
        "scan_time": 1741643152.1819603
    },
    "ebpf.io": {
        "ipv4_addresses": [
            "104.26.4.27",
            "172.67.71.235",
            "104.26.5.27"
        ],
        "rtt_range": [
            19.4,
            31.6
        ],
        "scan_time": 1741643336.01289
    },
    "en.wikipedia.org": {
        "ipv4_addresses": [
            "208.80.154.224",
            "185.15.58.224",
            "208.80.153.224"
        ],
        "rtt_range": [
            3056.38,
            3307.2
        ],
        "scan_time": 1741641914.8077402
    },
    "fandom.com": {
        "ipv4_addresses": [
            "199.232.212.194",
            "199.232.208.194"
        ],
        "rtt_range": [
            13.93,
            36.19
        ],
        "scan_time": 1741642259.3310235
    },
    "funfinequietstars.neverssl.com": {
        "ipv4_addresses": [
            "34.223.124.45"
        ],
        "rtt_range": null,
        "scan_time": 1741643584.6548886
    },
    "ieee.org": {
        "ipv4_addresses": [
            "140.98.193.152"
        ],
        "rtt_range": null,
        "scan_time": 1741643156.5267217
    },
    "illinois.edu": {
        "ipv4_addresses": [
            "130.126.157.20"
        ],
        "rtt_range": null,
        "scan_time": 1741643071.0741012
    },
    "imdb.com": {
        "ipv4_addresses": [
            "52.94.237.74",
            "52.94.225.248",
            "52.94.228.167"
        ],
        "rtt_range": [
            62.88,
            69.87
        ],
        "scan_time": 1741642219.3439064
    },
    "instagram.com": {
        "ipv4_addresses": [
            "157.240.26.174",
            "157.240.19.174",
            "157.240.254.174",
            "157.240.249.174",
            "57.144.174.34",
            "157.240.202.174",
            "57.144.172.34"
        ],
        "rtt_range": [
            18.17,
            205.16
        ],
        "scan_time": 1741642472.2784872
    },
    "kellogg.northwestern.edu": {
        "ipv4_addresses": [
            "165.124.147.150"
        ],
        "rtt_range": null,
        "scan_time": 1741642987.103424
    },
    "kernel.org": {
        "ipv4_addresses": [
            "139.178.84.217"
        ],
        "rtt_range": [
            69.54,
            70.0
        ],
        "scan_time": 1741643322.4379904
    },
    "lab.senlin.dev": {
        "ipv4_addresses": [
            "188.114.97.2",
            "188.114.96.2",
            "172.67.197.131",
            "104.21.60.142"
        ],
        "rtt_range": [
            18.99,
            61.0
        ],
        "scan_time": 1741642894.0492177
    },
    "lwn.net": {
        "ipv4_addresses": [
            "173.255.236.65"
        ],
        "rtt_range": [
            59.53,
            59.53
        ],
        "scan_time": 1741643191.848949
    },
    "mccormick.northwestern.edu": {
        "ipv4_addresses": [
            "165.124.149.20"
        ],
        "rtt_range": [
            33.48,
            33.48
        ],
        "scan_time": 1741642963.3546042
    },
    "networks.cs.northwestern.edu": {
        "ipv4_addresses": [
            "165.124.184.154"
        ],
        "rtt_range": null,
        "scan_time": 1741642937.8822396
    },
    "news.ycombinator.com": {
        "ipv4_addresses": [
            "209.216.230.207"
        ],
        "rtt_range": [
            121.0,
            133.02
        ],
        "scan_time": 1741643218.1441278
    },
    "northwestern.edu": {
        "ipv4_addresses": [
            "129.105.136.48"
        ],
        "rtt_range": null,
        "scan_time": 1741642772.4699426
    },
    "one.one.one.one": {
        "ipv4_addresses": [
            "1.1.1.1",
            "1.0.0.1"
        ],
        "rtt_range": [
            19.0,
            34.05
        ],
        "scan_time": 1741643369.9975028
    },
    "pinterest.com": {
        "ipv4_addresses": [
            "151.101.128.84",
            "151.101.192.84",
            "151.101.0.84",
            "151.101.64.84"
        ],
        "rtt_range": [
            20.41,
            100.57
        ],
        "scan_time": 1741642302.9034095
    },
    "reddit.com": {
        "ipv4_addresses": [
            "151.101.1.140",
            "151.101.129.140",
            "151.101.193.140",
            "151.101.65.140"
        ],
        "rtt_range": [
            19.0,
            36.09
        ],
        "scan_time": 1741643234.991831
    },
    "rust-lang.org": {
        "ipv4_addresses": [
            "3.168.40.68",
            "54.230.202.54",
            "108.157.150.85",
            "54.230.202.72",
            "108.157.150.84",
            "108.157.150.125",
            "3.168.40.70",
            "54.230.202.5",
            "3.165.113.114",
            "3.165.113.109",
            "3.168.40.80",
            "108.157.150.87",
            "54.230.202.34",
            "3.165.113.87",
            "3.168.40.11",
            "3.165.113.20"
        ],
        "rtt_range": [
            17.16,
            218.21
        ],
        "scan_time": 1741643417.8319497
    },
    "senlin.dev": {
        "ipv4_addresses": [
            "185.199.110.153",
            "185.199.109.153",
            "185.199.108.153",
            "185.199.111.153"
        ],
        "rtt_range": [
            35.01,
            38.01
        ],
        "scan_time": 1741642808.220764
    },
    "stackoverflow.com": {
        "ipv4_addresses": [
            "104.18.32.7",
            "172.64.155.249"
        ],
        "rtt_range": [
            20.0,
            34.0
        ],
        "scan_time": 1741643393.4725726
    },
    "stevetarzia.com": {
        "ipv4_addresses": [
            "3.143.61.245"
        ],
        "rtt_range": [
            111.8,
            111.8
        ],
        "scan_time": 1741643104.7112594
    },
    "tripadvisor.com": {
        "ipv4_addresses": [
            "151.101.66.28",
            "151.101.194.28",
            "151.101.130.28",
            "151.101.2.28"
        ],
        "rtt_range": [
            35.23,
            38.13
        ],
        "scan_time": 1741642388.5241692
    },
    "uchicago.edu": {
        "ipv4_addresses": [
            "3.215.148.80"
        ],
        "rtt_range": null,
        "scan_time": 1741643037.5311122
    },
    "users.cs.northwestern.edu": {
        "ipv4_addresses": [
            "129.105.44.20"
        ],
        "rtt_range": [
            15.12,
            15.12
        ],
        "scan_time": 1741643014.0923617
    },
    "walmart.com": {
        "ipv4_addresses": [
            "23.219.53.199",
            "184.51.216.146",
            "184.84.129.227",
            "23.46.188.162",
            "23.209.208.204"
        ],
        "rtt_range": null,
        "scan_time": 1741642616.6550972
    },
    "yelp.com": {
        "ipv4_addresses": [
            "146.75.80.116",
            "146.75.72.116",
            "146.75.76.116",
            "199.232.64.116",
            "151.101.76.116"
        ],