{
    "acm.org": {
        "root_ca": null,
        "scan_time": 1741561095.2525227
    },
    "amazon.com": {
        "root_ca": null,
        "scan_time": 1741561095.226011
    },
    "cra.org": {
        "root_ca": null,
        "scan_time": 1741561095.2545302
    },
    "ebpf.io": {
        "root_ca": null,
        "scan_time": 1741561095.264533
    },
    "en.wikipedia.org": {
        "root_ca": null,
        "scan_time": 1741561095.224071
    },
    "fandom.com": {
        "root_ca": null,
        "scan_time": 1741561095.2315264
    },
    "funfinequietstars.neverssl.com": {
        "root_ca": null,
        "scan_time": 1741561095.2705293
    },
    "ieee.org": {
        "root_ca": null,
        "scan_time": 1741561095.2565243
    },
    "illinois.edu": {
        "root_ca": null,
        "scan_time": 1741561095.2495918
    },
    "imdb.com": {
        "root_ca": null,
        "scan_time": 1741561095.230588
    },
    "instagram.com": {
        "root_ca": null,
        "scan_time": 1741561095.235603
    },
    "kellogg.northwestern.edu": {
        "root_ca": null,
        "scan_time": 1741561095.2455242
    },
    "kernel.org": {
        "root_ca": null,
        "scan_time": 1741561095.2625875
    },
    "lab.senlin.dev": {
        "root_ca": null,
        "scan_time": 1741561095.2406027
    },
    "lwn.net": {
        "root_ca": null,
        "scan_time": 1741561095.2575269
    },
    "mccormick.northwestern.edu": {
        "root_ca": null,
        "scan_time": 1741561095.2445266
    },
    "networks.cs.northwestern.edu": {
        "root_ca": null,
        "scan_time": 1741561095.2426238
    },
    "news.ycombinator.com": {
        "root_ca": null,
        "scan_time": 1741561095.2595901
    },
    "northwestern.edu": {
        "root_ca": null,
        "scan_time": 1741561095.2375884
    },
    "one.one.one.one": {
        "root_ca": null,
        "scan_time": 1741561095.2655406
    },
    "pinterest.com": {
        "root_ca": null,
        "scan_time": 1741561095.2325916
    },
    "reddit.com": {
        "root_ca": null,
        "scan_time": 1741561095.2615483
    },
    "rust-lang.org": {
        "root_ca": null,
        "scan_time": 1741561095.268528
    },
    "senlin.dev": {
        "root_ca": null,
        "scan_time": 1741561095.2395282
    },
    "stackoverflow.com": {
        "root_ca": null,
        "scan_time": 1741561095.267522
    },
    "stevetarzia.com": {
        "root_ca": null,
        "scan_time": 1741561095.2515235
    },
    "tripadvisor.com": {
        "root_ca": null,
        "scan_time": 1741561095.2345366
    },
    "uchicago.edu": {
        "root_ca": null,
        "scan_time": 1741561095.248527
    },
    "users.cs.northwestern.edu": {
        "root_ca": null,
        "scan_time": 1741561095.2465653
    },
    "walmart.com": {
        "root_ca": null,
        "scan_time": 1741561095.2365363
    },
    "yelp.com": {
        "root_ca": null,
        "scan_time": 1741561095.2270007
    },
    "youtube.com": {
        "root_ca": null,
        "scan_time": 1741561095.2230039
    }
}