{
    "acm.org": {
        "geo_locations": [],
        "ipv4_addresses": [
            "104.17.79.30",
            "104.17.78.30"
        ],
        "scan_time": 1741566163.9084685
    },
    "amazon.com": {
        "geo_locations": [
            "Ashburn, Virginia, United States"
        ],
        "ipv4_addresses": [
            "54.239.28.85",
            "205.251.242.103",
            "52.94.236.248"
        ],
        "scan_time": 1741566080.16806
    },
    "cra.org": {
        "geo_locations": [
            "Ashburn, Virginia, United States"
        ],
        "ipv4_addresses": [
            "54.242.59.162"
        ],
        "scan_time": 1741566167.2877595
    },
    "ebpf.io": {
        "geo_locations": [],
        "ipv4_addresses": [
            "104.26.4.27",
            "104.26.5.27",
            "172.67.71.235"
        ],
        "scan_time": 1741566188.9585981
    },
    "en.wikipedia.org": {
        "geo_locations": [
            "United States"
        ],
        "ipv4_addresses": [
            "208.80.154.224",
            "208.80.153.224",
            "185.15.58.224"
        ],
        "scan_time": 1741566074.7170112
    },
    "fandom.com": {
        "geo_locations": [
            "United States"
        ],
        "ipv4_addresses": [
            "199.232.208.194",
            "199.232.212.194"
        ],
        "scan_time": 1741566098.9361508
    },
    "funfinequietstars.neverssl.com": {
        "geo_locations": [
            "Boardman, Oregon, United States"
        ],
        "ipv4_addresses": [
            "34.223.124.45"
        ],
        "scan_time": 1741566204.1119788
    },
    "ieee.org": {
        "geo_locations": [
            "Hoffman, New Jersey, United States"
        ],
        "ipv4_addresses": [
            "140.98.193.152"
        ],
        "scan_time": 1741566170.895062
    },
    "illinois.edu": {
        "geo_locations": [
            "Champaign, Illinois, United States"
        ],
        "ipv4_addresses": [
            "130.126.157.20"
        ],
        "scan_time": 1741566156.948427
    },
    "imdb.com": {
        "geo_locations": [
            "Ashburn, Virginia, United States"
        ],
        "ipv4_addresses": [
            "52.94.228.167",
            "52.94.225.248",
            "52.94.237.74"
        ],
        "scan_time": 1741566093.630562
    },
    "instagram.com": {
        "geo_locations": [
            "Southfield, Michigan, United States",
            "Chicago, Illinois, United States",
            "Dallas, Texas, United States",
            "Saint-Denis, \u00cele-de-France, France",
            "Minneapolis, Minnesota, United States"
        ],
        "ipv4_addresses": [
            "157.240.254.174",
            "157.240.19.174",
            "157.240.249.174",
            "157.240.202.174",
            "57.144.174.34",
            "57.144.172.34",
            "157.240.26.174"
        ],
        "scan_time": 1741566115.0878553
    },
    "kellogg.northwestern.edu": {
        "geo_locations": [
            "Villa Park, Illinois, United States"
        ],
        "ipv4_addresses": [
            "165.124.147.150"
        ],
        "scan_time": 1741566146.1596406
    },
    "kernel.org": {
        "geo_locations": [
            "Dallas, Texas, United States"
        ],
        "ipv4_addresses": [
            "139.178.84.217"
        ],
        "scan_time": 1741566185.6318872
    },
    "lab.senlin.dev": {
        "geo_locations": [],
        "ipv4_addresses": [
            "104.21.60.142",
            "172.67.197.131",
            "188.114.96.2",
            "188.114.97.2"
        ],
        "scan_time": 1741566135.8232973
    },
    "lwn.net": {
        "geo_locations": [
            "Cedar Knolls, New Jersey, United States"
        ],
        "ipv4_addresses": [
            "173.255.236.65"
        ],
        "scan_time": 1741566174.3211775
    },
    "mccormick.northwestern.edu": {
        "geo_locations": [
            "Villa Park, Illinois, United States"
        ],
        "ipv4_addresses": [
            "165.124.149.20"
        ],
        "scan_time": 1741566142.7311716
    },
    "networks.cs.northwestern.edu": {
        "geo_locations": [
            "United States"
        ],
        "ipv4_addresses": [
            "165.124.184.154"
        ],
        "scan_time": 1741566139.2842925
    },
    "news.ycombinator.com": {
        "geo_locations": [
            "United States"
        ],
        "ipv4_addresses": [
            "209.216.230.207"
        ],
        "scan_time": 1741566178.7054298
    },
    "northwestern.edu": {
        "geo_locations": [
            "Skokie, Illinois, United States"
        ],
        "ipv4_addresses": [
            "129.105.136.48"
        ],
        "scan_time": 1741566126.0313582
    },
    "one.one.one.one": {
        "geo_locations": [],
        "ipv4_addresses": [
            "1.0.0.1",
            "1.1.1.1"
        ],
        "scan_time": 1741566192.3733912
    },
    "pinterest.com": {
        "geo_locations": [
            "San Francisco, California, United States"
        ],
        "ipv4_addresses": [
            "151.101.192.84",
            "151.101.64.84",
            "151.101.0.84",
            "151.101.128.84"
        ],
        "scan_time": 1741566104.3140585
    },
    "reddit.com": {
        "geo_locations": [
            "San Francisco, California, United States"
        ],
        "ipv4_addresses": [
            "151.101.193.140",
            "151.101.129.140",
            "151.101.1.140",
            "151.101.65.140"
        ],
        "scan_time": 1741566182.2693722
    },
    "rust-lang.org": {
        "geo_locations": [
            "United States"
        ],
        "ipv4_addresses": [
            "54.230.202.34",
            "108.157.150.85",
            "108.157.150.84",
            "54.230.202.5",
            "54.230.202.54",
            "65.8.49.15",
            "65.8.49.116",
            "3.165.113.114",
            "108.157.150.87",
            "3.165.113.109",
            "65.8.49.41",
            "3.165.113.20",
            "54.230.202.72",
            "3.165.113.87",
            "65.8.49.29",
            "108.157.150.125"
        ],
        "scan_time": 1741566200.2833247
    },
    "senlin.dev": {
        "geo_locations": [
            "California, United States",
            "San Francisco, California, United States"
        ],
        "ipv4_addresses": [
            "185.199.111.153",
            "185.199.108.153",
            "185.199.110.153",
            "185.199.109.153"
        ],
        "scan_time": 1741566129.6716785
    },
    "stackoverflow.com": {
        "geo_locations": [],
        "ipv4_addresses": [
            "104.18.32.7",
            "172.64.155.249"
        ],
        "scan_time": 1741566195.7372901
    },
    "stevetarzia.com": {
        "geo_locations": [
            "United States"
        ],
        "ipv4_addresses": [
            "3.143.61.245"
        ],
        "scan_time": 1741566160.4124708
    },
    "tripadvisor.com": {
        "geo_locations": [
            "San Francisco, California, United States"
        ],
        "ipv4_addresses": [
            "151.101.194.28",
            "151.101.2.28",
            "151.101.130.28",
            "151.101.66.28"
        ],
        "scan_time": 1741566111.616666
    },
    "uchicago.edu": {
        "geo_locations": [
            "Ashburn, Virginia, United States"
        ],
        "ipv4_addresses": [
            "3.215.148.80"
        ],
        "scan_time": 1741566153.4863403
    },
    "users.cs.northwestern.edu": {
        "geo_locations": [
            "Chicago, Illinois, United States"
        ],